{
  "calibrated_tail_ood_at_max_n": 148.07752990722656,
  "calibrated_tail_pred_true_gap_at_max_n": 65.77809143066406,
  "calibrated_tail_true_return_at_max_n": -40.16089630126953,
  "final_train_loss": 0.6768180131912231,
  "first_candidate_ood_at_max_n": 251.05172729492188,
  "first_candidate_pred_true_gap_at_max_n": 85.11775207519531,
  "first_candidate_true_return_at_max_n": -61.28731918334961,
  "metrics_rows": 15.0,
  "proxy_tail_ood_at_max_n": 306.01007080078125,
  "proxy_tail_pred_true_gap_at_max_n": 133.0717315673828,
  "proxy_tail_true_return_at_max_n": -90.4898452758789
}