{
  "calibrated_minus_proxy_true_return_mean": 54.10766448974609,
  "calibrated_tail_ood_mean": 155.6819854736328,
  "calibrated_tail_ood_std": 4.9454790230234495,
  "calibrated_tail_pred_true_gap_mean": 69.14263000488282,
  "calibrated_tail_pred_true_gap_std": 4.9299214543876015,
  "calibrated_tail_selected_mode_entropy_mean": 0.9724137665230806,
  "calibrated_tail_selected_mode_entropy_std": 0.043811210601559764,
  "calibrated_tail_selection_bias_mean": 2.6256481170654298,
  "calibrated_tail_selection_bias_std": 2.955566902430685,
  "calibrated_tail_true_return_mean": -41.570455932617186,
  "calibrated_tail_true_return_std": 1.8992957681692146,
  "first_candidate_ood_mean": 263.79026489257814,
  "first_candidate_ood_std": 11.959940047708015,
  "first_candidate_pred_true_gap_mean": 88.87972869873047,
  "first_candidate_pred_true_gap_std": 6.967113217315288,
  "first_candidate_selected_mode_entropy_mean": 0.9892498035527153,
  "first_candidate_selected_mode_entropy_std": 0.00927717585747835,
  "first_candidate_selection_bias_mean": -0.09575042724609384,
  "first_candidate_selection_bias_std": 2.637683065574678,
  "first_candidate_true_return_mean": -64.02894821166993,
  "first_candidate_true_return_std": 4.227358933666592,
  "proxy_minus_calibrated_gap_mean": 72.51404418945313,
  "proxy_minus_calibrated_ood_mean": 165.43586730957034,
  "proxy_tail_ood_mean": 321.11785278320315,
  "proxy_tail_ood_std": 23.836260641533123,
  "proxy_tail_pred_true_gap_mean": 141.65667419433595,
  "proxy_tail_pred_true_gap_std": 5.7570802598472515,
  "proxy_tail_selected_mode_entropy_mean": 0.9611405903171679,
  "proxy_tail_selected_mode_entropy_std": 0.031683188825464274,
  "proxy_tail_selection_bias_mean": 21.032024765014647,
  "proxy_tail_selection_bias_std": 1.9576171335683674,
  "proxy_tail_true_return_mean": -95.67812042236328,
  "proxy_tail_true_return_std": 5.0305310755218535,
  "seeds": 5.0
}